api_uuid,route,http_status_code,params,userId,timestamp,response_time_ms,internal_server
58fe380b1173b,/entity/find/,200,?showFull=true,82133,4/24/2017 13:17,2286,api4.svr.internal
58fe380b1903e,/usr/read,200,?showFull=true,54222,4/24/2017 13:18,5677,api5.svr.internal
58fe380b13eaf,/cart/process/,400,?showFull=true,30564,4/24/2017 13:18,13826,api3.svr.internal
58fe380b171f4,/cart/process/,200,?showFull=true,40841,4/24/2017 13:19,30780,api3.svr.internal
58fe380b19160,/usr/read,400,?showFull=true,64942,4/24/2017 13:19,7560,api1.svr.internal
58fe380b13263,/cart/process/,400,?showFull=true,90787,4/24/2017 13:19,18590,api5.svr.internal
58fe380b133e2,/cart/process/,400,?showFull=true,51729,4/24/2017 13:19,26771,api3.svr.internal
58fe380b1574e,/cart/process/,500,?showFull=true,34155,4/24/2017 13:20,30745,api4.svr.internal
58fe380b1218e,/entity/find/,200,?showFull=true,79120,4/24/2017 13:21,1214,api2.svr.internal
58fe380b12e2c,/cart/process/,200,?showFull=true,59691,4/24/2017 13:25,38451,api2.svr.internal
58fe380b14948,/cart/process/,500,?showFull=true,93461,4/24/2017 13:25,17315,api5.svr.internal
58fe380b14c8e,/cart/process/,200,?showFull=true,1588,4/24/2017 13:26,11990,api3.svr.internal
58fe380b19223,/usr/read,400,?showFull=true,27225,4/24/2017 13:26,6250,api3.svr.internal
58fe380b194ce,/entity/find/,500,?showFull=true,2645,4/24/2017 13:27,2886,api1.svr.internal
58fe380b17e91,/usr/read,200,?showFull=true,51738,4/24/2017 13:28,5845,api3.svr.internal
58fe380b15bbd,/cart/process/,200,?showFull=true,97689,4/24/2017 13:28,39254,api1.svr.internal
58fe380b14ff7,/cart/process/,200,?showFull=true,68320,4/24/2017 13:29,39115,api4.svr.internal
58fe380b1427a,/cart/process/,200,?showFull=true,60958,4/24/2017 13:29,26940,api5.svr.internal
58fe380b174b8,/cart/process/,400,?showFull=true,78645,4/24/2017 13:30,23504,api3.svr.internal
58fe380b120ce,/entity/find/,200,?showFull=true,80240,4/24/2017 13:30,2747,api5.svr.internal
58fe380b130d7,/cart/process/,301,?showFull=true,30648,4/24/2017 13:31,33324,api3.svr.internal
58fe380b150ba,/cart/process/,200,?showFull=true,79634,4/24/2017 13:32,31600,api5.svr.internal
58fe380b13441,/cart/process/,400,?showFull=true,78696,4/24/2017 13:33,29869,api2.svr.internal
58fe380b16e9c,/cart/process/,200,?showFull=true,11539,4/24/2017 13:34,22195,api2.svr.internal
58fe380b153e5,/cart/process/,301,?showFull=true,57891,4/24/2017 13:34,16722,api4.svr.internal
58fe380b166a5,/cart/process/,301,?showFull=true,19562,4/24/2017 13:35,14002,api1.svr.internal
58fe380b1864c,/usr/read,200,?showFull=true,7518,4/24/2017 13:35,6334,api3.svr.internal
58fe380b15201,/cart/process/,400,?showFull=true,69764,4/24/2017 13:35,13056,api3.svr.internal
58fe380b18adc,/usr/read,400,?showFull=true,15778,4/24/2017 13:36,6410,api5.svr.internal
58fe380b16f5a,/cart/process/,200,?showFull=true,40585,4/24/2017 13:36,13537,api1.svr.internal
58fe380b14521,/cart/process/,200,?showFull=true,47221,4/24/2017 13:38,11552,api2.svr.internal
58fe380b18f1a,/usr/read,200,?showFull=true,71908,4/24/2017 13:39,5834,api2.svr.internal
58fe380b1800f,/usr/read,400,?showFull=true,14636,4/24/2017 13:40,6741,api1.svr.internal
58fe380b127ff,/entity/find/,200,?showFull=true,32023,4/24/2017 13:41,1323,api2.svr.internal
58fe380b17c44,/usr/read,301,?showFull=true,37845,4/24/2017 13:41,7179,api2.svr.internal
58fe380b185d4,/usr/read,301,?showFull=true,37271,4/24/2017 13:41,7334,api4.svr.internal
58fe380b188f6,/usr/read,200,?showFull=true,38834,4/24/2017 13:42,7014,api1.svr.internal
58fe380b197d4,/entity/find/,500,?showFull=true,86765,4/24/2017 13:42,2473,api1.svr.internal
58fe380b186b2,/usr/read,400,?showFull=true,66684,4/24/2017 13:42,6856,api3.svr.internal
58fe380b18cf7,/usr/read,400,?showFull=true,82944,4/24/2017 13:43,7319,api3.svr.internal
58fe380b13deb,/cart/process/,200,?showFull=true,85713,4/24/2017 13:45,21328,api5.svr.internal
58fe380b18df5,/usr/read,400,?showFull=true,25192,4/24/2017 13:45,7285,api5.svr.internal
58fe380b193a6,/usr/read,500,?showFull=true,25535,4/24/2017 13:47,5752,api2.svr.internal
58fe380b11c90,/entity/find/,200,?showFull=true,24401,4/24/2017 13:47,1885,api5.svr.internal
58fe380b18ba0,/usr/read,200,?showFull=true,10507,4/24/2017 13:48,7259,api5.svr.internal
58fe380b181ec,/usr/read,301,?showFull=true,37,4/24/2017 13:48,7412,api2.svr.internal
58fe380b13560,/cart/process/,200,?showFull=true,39360,4/24/2017 13:48,27619,api4.svr.internal
58fe380b16c00,/cart/process/,301,?showFull=true,53276,4/24/2017 13:48,18703,api5.svr.internal
58fe380b19469,/entity/find/,500,?showFull=true,24730,4/24/2017 13:49,2313,api4.svr.internal
58fe380b15263,/cart/process/,200,?showFull=true,71817,4/24/2017 13:49,31114,api2.svr.internal
58fe380b13d29,/cart/process/,200,?showFull=true,91631,4/24/2017 13:50,37424,api4.svr.internal
58fe380b1853e,/usr/read,200,?showFull=true,63476,4/24/2017 13:51,7560,api1.svr.internal
58fe380b176f9,/usr/read,200,?showFull=true,45054,4/24/2017 13:51,6615,api3.svr.internal
58fe380b13cc9,/cart/process/,200,?showFull=true,49400,4/24/2017 13:51,28040,api3.svr.internal
58fe380b170d7,/cart/process/,400,?showFull=true,91968,4/24/2017 13:51,13702,api1.svr.internal
58fe380b13a24,/cart/process/,200,?showFull=true,72778,4/24/2017 13:52,27368,api3.svr.internal
58fe380b18835,/usr/read,200,?showFull=true,30384,4/24/2017 13:52,6054,api1.svr.internal
58fe380b19e9e,/entity/find/,500,?showFull=true,26074,4/24/2017 13:53,2136,api2.svr.internal
58fe380b1757d,/usr/read,400,?showFull=true,56619,4/24/2017 13:53,6423,api4.svr.internal
58fe380b1511b,/cart/process/,500,?showFull=true,93532,4/24/2017 13:53,39853,api1.svr.internal
58fe380b19407,/usr/read,400,?showFull=true,22912,4/24/2017 13:53,5569,api2.svr.internal
58fe380b13141,/cart/process/,400,?showFull=true,24225,4/24/2017 13:53,22215,api5.svr.internal
58fe380b17078,/cart/process/,200,?showFull=true,64153,4/24/2017 13:54,33062,api1.svr.internal
58fe380b11c31,/entity/find/,200,?showFull=true,67865,4/24/2017 13:54,2669,api3.svr.internal
58fe380b13e4b,/cart/process/,200,?showFull=true,81796,4/24/2017 13:54,31097,api1.svr.internal
58fe380b11dae,/entity/find/,200,?showFull=true,77344,4/24/2017 13:58,2710,api2.svr.internal
58fe380b1230b,/entity/find/,200,?showFull=true,9991,4/24/2017 13:58,1716,api4.svr.internal
58fe380b13323,/cart/process/,200,?showFull=true,88152,4/24/2017 13:58,19614,api5.svr.internal
58fe380b18b3d,/usr/read,301,?showFull=true,51731,4/24/2017 13:59,7228,api1.svr.internal
58fe380b16cc1,/cart/process/,301,?showFull=true,7909,4/24/2017 14:00,17400,api4.svr.internal
58fe380b122ab,/entity/find/,200,?showFull=true,82941,4/24/2017 14:01,1077,api3.svr.internal
58fe380b14e12,/cart/process/,400,?showFull=true,44725,4/24/2017 14:02,16753,api4.svr.internal
58fe380b147c5,/cart/process/,301,?showFull=true,46398,4/24/2017 14:02,37155,api5.svr.internal
58fe380b14bc7,/cart/process/,200,?showFull=true,56694,4/24/2017 14:02,30357,api2.svr.internal
58fe380b19773,/entity/find/,500,?showFull=true,99247,4/24/2017 14:03,2223,api3.svr.internal
58fe380b17d72,/usr/read,301,?showFull=true,36428,4/24/2017 14:04,5781,api3.svr.internal
58fe380b1839f,/usr/read,301,?showFull=true,62800,4/24/2017 14:04,5839,api1.svr.internal
58fe380b1433c,/cart/process/,200,?mode=q&entityId=28,94039,4/24/2017 14:04,24673,api4.svr.internal
58fe380b16529,/cart/process/,301,?mode=q&entityId=28,28652,4/24/2017 14:05,28951,api5.svr.internal
58fe380b18896,/usr/read,200,?mode=q&entityId=28,62345,4/24/2017 14:05,6140,api5.svr.internal
58fe380b13781,/cart/process/,200,?mode=q&entityId=28,1684,4/24/2017 14:06,31868,api5.svr.internal
58fe380b15e1c,/cart/process/,200,?mode=q&entityId=28,2882,4/24/2017 14:07,24085,api5.svr.internal
58fe380b15a99,/cart/process/,301,?mode=q&entityId=28,50771,4/24/2017 14:07,22317,api1.svr.internal
58fe380b132c3,/cart/process/,200,?mode=q&entityId=28,4123,4/24/2017 14:07,25061,api4.svr.internal
58fe380b11664,/entity/find/,200,?mode=q&entityId=28,93235,4/24/2017 14:07,2862,api1.svr.internal
58fe380b17371,/cart/process/,200,?mode=q&entityId=28,79011,4/24/2017 14:07,10220,api1.svr.internal
58fe380b195f1,/entity/find/,500,?mode=q&entityId=28,15235,4/24/2017 14:08,1952,api4.svr.internal
58fe380b12bc1,/cart/process/,200,?mode=q&entityId=28,47308,4/24/2017 14:08,17825,api1.svr.internal
58fe380b11e0d,/entity/find/,200,?mode=q&entityId=28,33436,4/24/2017 14:09,2282,api2.svr.internal
58fe380b12489,/entity/find/,200,?mode=q&entityId=28,48117,4/24/2017 14:12,2203,api4.svr.internal
58fe380b165a6,/cart/process/,200,?mode=q&entityId=28,95958,4/24/2017 14:12,35275,api1.svr.internal
58fe380b17dd2,/usr/read,200,?mode=q&entityId=28,17864,4/24/2017 14:13,6766,api4.svr.internal
58fe380b15cfe,/cart/process/,500,?mode=q&entityId=28,18042,4/24/2017 14:13,23826,api5.svr.internal
58fe380b13b45,/cart/process/,200,?mode=q&entityId=28,60744,4/24/2017 14:13,37874,api5.svr.internal
58fe380b15dbd,/cart/process/,400,?mode=q&entityId=28,40035,4/24/2017 14:14,14691,api3.svr.internal
58fe380b16ba0,/cart/process/,500,?mode=q&entityId=28,28379,4/24/2017 14:14,23685,api4.svr.internal
58fe380b1180a,/entity/find/,200,?mode=q&entityId=28,34591,4/24/2017 14:14,1622,api1.svr.internal
58fe380b13ba7,/cart/process/,200,?mode=q&entityId=28,7195,4/24/2017 14:14,32460,api3.svr.internal
58fe380b19fc2,/entity/find/,500,?mode=q&entityId=28,97569,4/24/2017 14:15,1954,api3.svr.internal
58fe380b11343,/entity/find/,200,?mode=q&entityId=28,19204,4/24/2017 14:15,1394,api5.svr.internal
58fe380b11cf0,/entity/find/,200,?mode=q&entityId=28,67315,4/24/2017 14:15,1899,api1.svr.internal
58fe380b1365e,/cart/process/,500,?mode=q&entityId=28,95208,4/24/2017 14:16,22904,api5.svr.internal
58fe380b13903,/cart/process/,400,?mode=q&entityId=28,93028,4/24/2017 14:16,15824,api1.svr.internal
58fe380b1641e,/cart/process/,200,?mode=q&entityId=28,54513,4/24/2017 14:18,33636,api3.svr.internal
58fe380b15446,/cart/process/,400,?mode=q&entityId=28,40598,4/24/2017 14:18,33949,api3.svr.internal
58fe380b11bd2,/entity/find/,200,?mode=q&entityId=28,26001,4/24/2017 14:19,1406,api3.svr.internal
58fe380b15afb,/cart/process/,200,?mode=q&entityId=28,78736,4/24/2017 14:19,35576,api1.svr.internal
58fe380b12d3e,/cart/process/,500,?mode=q&entityId=28,71661,4/24/2017 14:20,32368,api3.svr.internal
58fe380b17a20,/usr/read,400,?mode=q&entityId=28,3838,4/24/2017 14:20,6065,api3.svr.internal
58fe380b158d1,/cart/process/,200,?mode=q&entityId=28,82470,4/24/2017 14:20,36702,api1.svr.internal
58fe380b18400,/usr/read,200,?mode=q&entityId=28,50226,4/24/2017 14:21,5950,api1.svr.internal
58fe380b19100,/usr/read,200,?mode=q&entityId=28,72934,4/24/2017 14:21,6722,api1.svr.internal
58fe380b1618c,/cart/process/,400,?mode=q&entityId=28,22197,4/24/2017 14:21,22633,api4.svr.internal
58fe380b128c3,/cart/process/,200,?mode=q&entityId=28,96729,4/24/2017 14:22,15290,api2.svr.internal
58fe380b15198,/cart/process/,500,?mode=q&entityId=28,32243,4/24/2017 14:22,24940,api2.svr.internal
58fe380b18463,/usr/read,301,?mode=q&entityId=27,48884,4/24/2017 14:23,6050,api4.svr.internal
58fe380b12002,/entity/find/,200,?mode=q&entityId=27,50228,4/24/2017 14:23,1147,api2.svr.internal
58fe380b16b40,/cart/process/,400,?mode=q&entityId=27,4484,4/24/2017 14:24,32821,api1.svr.internal
58fe380b160ee,/cart/process/,301,?mode=q&entityId=27,19505,4/24/2017 14:24,29905,api4.svr.internal
58fe380b14cef,/cart/process/,200,?mode=q&entityId=27,23399,4/24/2017 14:24,18071,api3.svr.internal
58fe380b177b7,/usr/read,400,?mode=q&entityId=27,47371,4/24/2017 14:25,6543,api4.svr.internal
58fe380b141b9,/cart/process/,200,?mode=q&entityId=27,36655,4/24/2017 14:26,34319,api5.svr.internal
58fe380b15a37,/cart/process/,200,?mode=q&entityId=27,98368,4/24/2017 14:27,13476,api3.svr.internal
58fe380b15e7b,/cart/process/,200,?mode=q&entityId=27,34686,4/24/2017 14:27,16872,api4.svr.internal
58fe380b154a8,/cart/process/,400,?mode=q&entityId=27,31450,4/24/2017 14:28,34898,api3.svr.internal
58fe380b14704,/cart/process/,200,?mode=q&entityId=27,3330,4/24/2017 14:28,14999,api4.svr.internal
58fe380b1306f,/cart/process/,200,?mode=q&entityId=27,73195,4/24/2017 14:28,19035,api4.svr.internal
58fe380b19652,/entity/find/,500,?mode=q&entityId=27,46228,4/24/2017 14:28,1451,api1.svr.internal
58fe380b12e90,/cart/process/,200,?mode=q&entityId=27,2616,4/24/2017 14:29,24386,api4.svr.internal
58fe380b13010,/cart/process/,400,?mode=q&entityId=27,65193,4/24/2017 14:29,37243,api1.svr.internal
58fe380b16fb9,/cart/process/,200,?mode=q&entityId=27,22502,4/24/2017 14:30,37335,api1.svr.internal
58fe380b12cdf,/cart/process/,400,?mode=q&entityId=27,24560,4/24/2017 14:31,25964,api5.svr.internal
58fe380b17136,/cart/process/,400,?mode=q&entityId=27,29542,4/24/2017 14:31,23024,api1.svr.internal
58fe380b1212e,/entity/find/,200,?mode=q&entityId=27,79531,4/24/2017 14:32,1401,api5.svr.internal
58fe380b14c2c,/cart/process/,200,?mode=q&entityId=27,15482,4/24/2017 14:32,16532,api5.svr.internal
58fe380b143fe,/cart/process/,301,?mode=q&entityId=27,56709,4/24/2017 14:32,24081,api3.svr.internal
58fe380b17816,/usr/read,400,?mode=q&entityId=27,99293,4/24/2017 14:32,6422,api1.svr.internal
58fe380b13599,/cart/process/,200,?mode=q&entityId=27,29598,4/24/2017 14:33,18997,api4.svr.internal
58fe380b13204,/cart/process/,200,?mode=q&entityId=27,96491,4/24/2017 14:33,16649,api4.svr.internal
58fe380b19bf9,/entity/find/,500,?mode=q&entityId=27,51279,4/24/2017 14:34,1143,api5.svr.internal
58fe380b15d5d,/cart/process/,500,?mode=q&entityId=27,19392,4/24/2017 14:35,29027,api3.svr.internal
58fe380b1751d,/cart/process/,200,?mode=q&entityId=27,83753,4/24/2017 14:35,21140,api3.svr.internal
58fe380b19895,/entity/find/,500,?mode=q&entityId=27,57798,4/24/2017 14:36,1376,api4.svr.internal
58fe380b14219,/cart/process/,500,?mode=q&entityId=27,8927,4/24/2017 14:36,24572,api1.svr.internal
58fe380b16d80,/cart/process/,400,?mode=q&entityId=27,14843,4/24/2017 14:36,27960,api1.svr.internal
58fe380b13a84,/cart/process/,400,?mode=q&entityId=27,64488,4/24/2017 14:37,39256,api2.svr.internal
58fe380b12547,/entity/find/,200,?mode=q&entityId=27,57003,4/24/2017 14:37,2501,api5.svr.internal
58fe380b19713,/entity/find/,500,?mode=q&entityId=27,17911,4/24/2017 14:38,1799,api4.svr.internal
58fe380b11493,/entity/find/,200,?mode=q&entityId=27,9472,4/24/2017 14:38,1700,api4.svr.internal
58fe380b119ec,/entity/find/,200,?mode=q&entityId=27,59402,4/24/2017 14:38,1546,api4.svr.internal
58fe380b19d1a,/entity/find/,500,?mode=q&entityId=27,79050,4/24/2017 14:39,1325,api3.svr.internal
58fe380b17a7f,/usr/read,500,?mode=q&entityId=27,33131,4/24/2017 14:39,6525,api2.svr.internal
58fe380b12c20,/cart/process/,200,?mode=q&entityId=27,45215,4/24/2017 14:40,15975,api1.svr.internal
58fe380b13963,/cart/process/,200,?mode=q&entityId=27,37483,4/24/2017 14:40,10997,api5.svr.internal
58fe380b16a1c,/cart/process/,400,?mode=q&entityId=27,5408,4/24/2017 14:41,34771,api3.svr.internal
58fe380b140f7,/cart/process/,200,?mode=q&entityId=27,2966,4/24/2017 14:41,29308,api2.svr.internal
58fe380b1628d,/cart/process/,200,?mode=q&entityId=27,81242,4/24/2017 14:42,18563,api5.svr.internal
58fe380b16081,/cart/process/,400,?mode=q&entityId=27,15716,4/24/2017 14:43,27004,api5.svr.internal
58fe380b11b11,/entity/find/,200,?mode=q&entityId=27,84267,4/24/2017 14:43,2706,api3.svr.internal
58fe380b1192b,/entity/find/,200,?mode=q&entityId=27,1666,4/24/2017 14:44,1574,api5.svr.internal
58fe380b149a9,/cart/process/,400,?mode=q&entityId=27,22366,4/24/2017 14:45,25852,api1.svr.internal
58fe380b16622,/cart/process/,200,?mode=q&entityId=27,73090,4/24/2017 14:45,32015,api5.svr.internal
58fe380b19590,/entity/find/,500,?mode=q&entityId=27,19276,4/24/2017 14:45,1168,api4.svr.internal
58fe380b14581,/cart/process/,500,?mode=q&entityId=27,67584,4/24/2017 14:45,34878,api4.svr.internal
58fe380b19b38,/entity/find/,500,?mode=q&entityId=27,20147,4/24/2017 14:46,2781,api1.svr.internal
58fe380b116ca,/entity/find/,200,?mode=q&entityId=24,73464,4/24/2017 14:46,1088,api4.svr.internal
58fe380b12f50,/cart/process/,200,?mode=q&entityId=24,14998,4/24/2017 14:46,15255,api4.svr.internal
58fe380b16d20,/cart/process/,500,?mode=q&entityId=24,63136,4/24/2017 14:46,12624,api3.svr.internal
58fe380b14b5c,/cart/process/,301,?mode=q&entityId=24,3337,4/24/2017 14:47,15644,api5.svr.internal
58fe380b18d8e,/usr/read,500,?mode=q&entityId=24,39007,4/24/2017 14:47,7516,api3.svr.internal
58fe380b11a4e,/entity/find/,200,?mode=q&entityId=24,26554,4/24/2017 14:47,2037,api4.svr.internal
58fe380b172b2,/cart/process/,200,?mode=q&entityId=24,29848,4/24/2017 14:48,25976,api2.svr.internal
58fe380b145e2,/cart/process/,200,?mode=q&entityId=24,51174,4/24/2017 14:48,19657,api4.svr.internal
58fe380b198f5,/entity/find/,500,?mode=q&entityId=24,68098,4/24/2017 14:50,1674,api2.svr.internal
58fe380b19a17,/entity/find/,500,?mode=q&entityId=24,25354,4/24/2017 14:50,2269,api2.svr.internal
58fe380b11e6c,/entity/find/,200,?mode=q&entityId=24,96394,4/24/2017 14:51,2593,api3.svr.internal
58fe380b13720,/cart/process/,500,?mode=q&entityId=24,32383,4/24/2017 14:51,31169,api5.svr.internal
58fe380b17d12,/usr/read,200,?mode=q&entityId=24,75462,4/24/2017 14:51,6430,api1.svr.internal
58fe380b15f39,/cart/process/,200,?mode=q&entityId=24,90164,4/24/2017 14:51,19389,api4.svr.internal
58fe380b12b61,/cart/process/,301,?mode=q&entityId=24,50382,4/24/2017 14:52,30801,api2.svr.internal
58fe380b16018,/cart/process/,200,?mode=q&entityId=24,19728,4/24/2017 14:52,27660,api2.svr.internal
58fe380b14f97,/cart/process/,301,?mode=q&entityId=24,44234,4/24/2017 14:55,12046,api4.svr.internal
58fe380b159d0,/cart/process/,200,?mode=q&entityId=22,95460,4/24/2017 14:55,31327,api3.svr.internal
58fe380b12605,/entity/find/,200,?mode=q&entityId=22,44597,4/24/2017 14:55,1804,api5.svr.internal
58fe380b15385,/cart/process/,200,?mode=q&entityId=22,67840,4/24/2017 14:56,32119,api1.svr.internal
58fe380b189b9,/usr/read,200,?mode=q&entityId=22,90884,4/24/2017 14:56,7194,api1.svr.internal
58fe380b135fc,/cart/process/,200,?mode=q&entityId=22,16079,4/24/2017 14:57,37063,api5.svr.internal
58fe380b12dbe,/cart/process/,400,?mode=q&entityId=22,30929,4/24/2017 14:57,36928,api5.svr.internal
58fe380b12b01,/cart/process/,301,?mode=q&entityId=22,76802,4/24/2017 14:58,15889,api3.svr.internal
58fe380b1186b,/entity/find/,200,?mode=q&entityId=22,29467,4/24/2017 14:58,2047,api1.svr.internal
58fe380b12ef0,/cart/process/,400,?mode=q&entityId=22,22361,4/24/2017 14:58,37102,api1.svr.internal
58fe380b18f7b,/usr/read,301,?mode=q&entityId=22,98601,4/24/2017 14:59,6155,api3.svr.internal
58fe380b1818d,/usr/read,200,?mode=q&entityId=22,97529,4/24/2017 14:59,5560,api5.svr.internal
58fe380b125a6,/entity/find/,200,?mode=q&entityId=22,27960,4/24/2017 14:59,1029,api1.svr.internal
58fe380b1909f,/usr/read,200,?mode=q&entityId=22,81296,4/24/2017 14:59,5715,api2.svr.internal
58fe380b18774,/usr/read,500,?mode=q&entityId=22,18655,4/24/2017 14:59,7169,api1.svr.internal
58fe380b1763a,/usr/read,400,?mode=q&entityId=22,71404,4/24/2017 15:00,7014,api4.svr.internal
58fe380b19e3d,/entity/find/,500,?mode=q&entityId=22,25538,4/24/2017 15:00,2811,api3.svr.internal
58fe380b17ef0,/usr/read,200,?mode=q&entityId=22,71275,4/24/2017 15:00,6442,api1.svr.internal
58fe380b16dde,/cart/process/,200,?mode=q&entityId=22,47633,4/24/2017 15:01,29664,api3.svr.internal
58fe380b17ade,/usr/read,301,?mode=q&entityId=22,36639,4/24/2017 15:01,7118,api1.svr.internal
58fe380b118cc,/entity/find/,200,?mode=q&entityId=22,44038,4/24/2017 15:02,1578,api4.svr.internal
58fe380b13f73,/cart/process/,500,?mode=q&entityId=22,84351,4/24/2017 15:02,33652,api4.svr.internal
58fe380b14f35,/cart/process/,500,?mode=q&entityId=22,81750,4/24/2017 15:02,19137,api5.svr.internal
58fe380b19346,/usr/read,301,?mode=q&entityId=22,81798,4/24/2017 15:02,5718,api1.svr.internal
58fe380b191c2,/usr/read,500,?mode=q&entityId=22,10235,4/24/2017 15:05,6189,api5.svr.internal
58fe380b136bf,/cart/process/,400,?mode=q&entityId=14,41242,4/24/2017 15:05,36885,api4.svr.internal
58fe380b1157b,/entity/find/,200,?mode=q&entityId=14,28826,4/24/2017 15:05,2427,api2.svr.internal
58fe380b11f2c,/entity/find/,200,?mode=q&entityId=14,73219,4/24/2017 15:06,2392,api1.svr.internal
58fe380b14db0,/cart/process/,200,?mode=q&entityId=14,71676,4/24/2017 15:07,36649,api4.svr.internal
58fe380b180cf,/usr/read,400,?mode=q&entityId=14,40654,4/24/2017 15:07,7633,api3.svr.internal
58fe380b17cae,/usr/read,500,?mode=q&entityId=14,23251,4/24/2017 15:07,7113,api2.svr.internal
58fe380b13500,/cart/process/,400,?mode=q&entityId=14,43916,4/24/2017 15:07,39305,api2.svr.internal
58fe380b11d4f,/entity/find/,200,?mode=q&entityId=14,71034,4/24/2017 15:08,2767,api2.svr.internal
58fe380b1a023,/entity/find/,500,?mode=q&entityId=14,48023,4/24/2017 15:09,2010,api2.svr.internal
58fe380b113af,/entity/find/,200,?mode=q&entityId=14,82350,4/24/2017 15:09,2113,api3.svr.internal
58fe380b12677,/entity/find/,200,?mode=q&entityId=14,42473,4/24/2017 15:10,2481,api2.svr.internal
58fe380b14036,/cart/process/,400,?mode=q&entityId=14,79528,4/24/2017 15:10,15375,api5.svr.internal
58fe380b19f61,/entity/find/,500,?mode=q&entityId=14,70193,4/24/2017 15:10,1464,api5.svr.internal
58fe380b182c1,/usr/read,200,?mode=q&entityId=14,17274,4/24/2017 15:10,7022,api2.svr.internal
58fe380b11b72,/entity/find/,200,?mode=q&entityId=14,48227,4/24/2017 15:10,1445,api1.svr.internal
58fe380b14e73,/cart/process/,301,?mode=q&entityId=14,169,4/24/2017 15:10,19092,api2.svr.internal
58fe380b13c07,/cart/process/,400,?mode=q&entityId=14,22691,4/24/2017 15:11,12474,api5.svr.internal
58fe380b16a7e,/cart/process/,200,?mode=q&entityId=14,31216,4/24/2017 15:11,16883,api1.svr.internal
58fe380b15b5c,/cart/process/,200,?mode=q&entityId=14,14674,4/24/2017 15:13,18939,api4.svr.internal
58fe380b178e4,/usr/read,500,?mode=q&entityId=14,46212,4/24/2017 15:13,7366,api1.svr.internal
58fe380b19ad7,/entity/find/,500,?mode=q&entityId=14,66726,4/24/2017 15:13,2695,api5.svr.internal
58fe380b142db,/cart/process/,200,?mode=q&entityId=14,54591,4/24/2017 15:13,28126,api2.svr.internal
58fe380b1556c,/cart/process/,200,?mode=q&entityId=14,65157,4/24/2017 15:13,29907,api1.svr.internal
58fe380b15059,/cart/process/,400,?mode=q&entityId=14,31800,4/24/2017 15:13,25644,api5.svr.internal
58fe380b1952f,/entity/find/,500,?mode=q&entityId=13,89882,4/24/2017 15:13,2369,api1.svr.internal
58fe380b1694f,/cart/process/,200,?mode=q&entityId=13,36747,4/24/2017 15:13,11734,api5.svr.internal
58fe380b17312,/cart/process/,200,?mode=q&entityId=13,31316,4/24/2017 15:13,22538,api1.svr.internal
58fe380b19956,/entity/find/,500,?mode=q&entityId=13,53788,4/24/2017 15:14,2607,api2.svr.internal
58fe380b169ba,/cart/process/,301,?mode=q&entityId=13,56307,4/24/2017 15:14,19701,api5.svr.internal
58fe380b1550a,/cart/process/,400,?mode=q&entityId=13,61847,4/24/2017 15:14,34913,api5.svr.internal
58fe380b11f91,/entity/find/,200,?mode=q&entityId=13,38893,4/24/2017 15:14,2675,api1.svr.internal
58fe380b18c00,/usr/read,200,?mode=q&entityId=13,23381,4/24/2017 15:15,7533,api5.svr.internal
58fe380b19ddc,/entity/find/,500,?mode=q&entityId=13,52261,4/24/2017 15:15,1152,api2.svr.internal
58fe380b18e57,/usr/read,500,?mode=q&entityId=13,28490,4/24/2017 15:15,5840,api4.svr.internal
58fe380b179bf,/usr/read,400,?mode=q&entityId=13,46933,4/24/2017 15:15,6287,api4.svr.internal
58fe380b19b98,/entity/find/,500,?mode=q&entityId=13,18939,4/24/2017 15:16,2897,api1.svr.internal
58fe380b161f0,/cart/process/,200,?mode=q&entityId=13,81572,4/24/2017 15:17,25869,api3.svr.internal
58fe380b11ab0,/entity/find/,200,?mode=q&entityId=13,64773,4/24/2017 15:17,1941,api3.svr.internal
58fe380b15c1d,/cart/process/,200,?mode=q&entityId=13,4509,4/24/2017 15:18,18361,api5.svr.internal
58fe380b1445e,/cart/process/,200,?mode=q&entityId=13,53568,4/24/2017 15:19,14474,api3.svr.internal
58fe380b11507,/entity/find/,200,?mode=q&entityId=13,66635,4/24/2017 15:20,2693,api4.svr.internal
58fe380b14826,/cart/process/,200,?mode=q&entityId=13,66600,4/24/2017 15:21,29235,api2.svr.internal
58fe380b187d4,/usr/read,200,?mode=q&entityId=13,49243,4/24/2017 15:22,6890,api3.svr.internal
58fe380b164a9,/cart/process/,500,?mode=q&entityId=12,84716,4/24/2017 15:22,11428,api1.svr.internal
58fe380b14765,/cart/process/,200,?mode=q&entityId=12,39424,4/24/2017 15:23,27086,api3.svr.internal
58fe380b117a7,/entity/find/,200,?mode=q&entityId=12,58777,4/24/2017 15:23,2057,api4.svr.internal
58fe380b1198b,/entity/find/,200,?mode=q&entityId=12,44716,4/24/2017 15:23,2728,api2.svr.internal
58fe380b184c4,/usr/read,301,?mode=q&entityId=12,53185,4/24/2017 15:24,7625,api4.svr.internal
58fe380b17018,/cart/process/,200,?mode=q&entityId=12,21257,4/24/2017 15:25,38705,api1.svr.internal
58fe380b1141e,/entity/find/,200,?mode=q&entityId=12,44289,4/24/2017 15:25,1767,api5.svr.internal
58fe380b19284,/usr/read,200,?mode=q&entityId=12,77105,4/24/2017 15:26,7111,api5.svr.internal
58fe380b1806f,/usr/read,500,?mode=q&entityId=12,60347,4/24/2017 15:26,6359,api5.svr.internal
58fe380b14a0a,/cart/process/,200,?mode=q&entityId=12,11524,4/24/2017 15:26,18630,api2.svr.internal
58fe380b175dd,/usr/read,200,?mode=q&entityId=12,51667,4/24/2017 15:27,6222,api2.svr.internal
58fe380b19834,/entity/find/,500,?mode=q&entityId=12,24576,4/24/2017 15:27,2680,api1.svr.internal
58fe380b12c7f,/cart/process/,301,?mode=q&entityId=12,46380,4/24/2017 15:27,20953,api3.svr.internal
58fe380b127a0,/entity/find/,200,?mode=q&entityId=12,18115,4/24/2017 15:27,1755,api3.svr.internal
58fe380b1a084,/entity/find/,500,?mode=q&entityId=12,3882,4/24/2017 15:27,2487,api5.svr.internal
58fe380b17253,/cart/process/,301,?mode=q&entityId=12,5730,4/24/2017 15:27,11393,api5.svr.internal
58fe380b144bf,/cart/process/,400,?mode=q&entityId=12,17747,4/24/2017 15:28,20908,api5.svr.internal
58fe380b1562d,/cart/process/,400,?mode=q&entityId=12,51226,4/24/2017 15:28,38326,api2.svr.internal
58fe380b16c60,/cart/process/,500,?mode=q&entityId=12,9622,4/24/2017 15:28,30736,api5.svr.internal
58fe380b1236a,/entity/find/,200,?mode=q&entityId=12,2846,4/24/2017 15:29,1926,api3.svr.internal
58fe380b12860,/cart/process/,200,?mode=q&entityId=12,7197,4/24/2017 15:31,32287,api2.svr.internal
58fe380b19f00,/entity/find/,500,?mode=q&entityId=12,14881,4/24/2017 15:32,2869,api5.svr.internal
58fe380b15324,/cart/process/,200,?cb=99798683&entityId=27,77160,4/24/2017 15:33,27705,api5.svr.internal
58fe380b15810,/cart/process/,200,?cb=98287962&entityId=27,16302,4/24/2017 15:33,26454,api4.svr.internal
58fe380b124e8,/entity/find/,200,?cb=98177851&entityId=28,3382,4/24/2017 15:33,2024,api1.svr.internal
58fe380b123c9,/entity/find/,200,?cb=96356973&entityId=22,71636,4/24/2017 15:33,1051,api4.svr.internal
58fe380b155cd,/cart/process/,200,?cb=96270395&entityId=27,8689,4/24/2017 15:34,19096,api3.svr.internal
58fe380b17b3d,/usr/read,400,?cb=95989801&entityId=13,93806,4/24/2017 15:34,5813,api3.svr.internal
58fe380b17440,/cart/process/,200,?cb=95951092&entityId=22,99975,4/24/2017 15:34,11689,api2.svr.internal
58fe380b196b2,/entity/find/,500,?cb=92551670&entityId=22,20058,4/24/2017 15:35,1087,api2.svr.internal
58fe380b192e5,/usr/read,500,?cb=91761254&entityId=22,29078,4/24/2017 15:35,5630,api5.svr.internal
58fe380b17faf,/usr/read,400,?cb=91668032&entityId=27,33009,4/24/2017 15:35,6255,api5.svr.internal
58fe380b134a1,/cart/process/,200,?cb=91299881&entityId=22,92595,4/24/2017 15:36,19983,api4.svr.internal
58fe380b18713,/usr/read,500,?cb=88612308&entityId=27,48029,4/24/2017 15:38,7630,api5.svr.internal
58fe380b157af,/cart/process/,301,?cb=86052123&entityId=22,55556,4/24/2017 15:38,12801,api3.svr.internal
58fe380b1673e,/cart/process/,200,?cb=85136664&entityId=27,19527,4/24/2017 15:39,11776,api3.svr.internal
58fe380b12740,/entity/find/,200,?cb=84787692&entityId=13,93409,4/24/2017 15:40,1214,api5.svr.internal
58fe380b14aef,/cart/process/,400,?cb=83595717&entityId=13,61305,4/24/2017 15:41,25937,api1.svr.internal
58fe380b16efb,/cart/process/,200,?cb=82311928&entityId=27,58817,4/24/2017 15:41,17960,api1.svr.internal
58fe380b17758,/usr/read,200,?cb=81406519&entityId=24,70593,4/24/2017 15:41,6668,api5.svr.internal
58fe380b19a77,/entity/find/,500,?cb=7974434&entityId=27,80165,4/24/2017 15:42,2540,api3.svr.internal
58fe380b16ade,/cart/process/,200,?cb=76555662&entityId=14,15989,4/24/2017 15:43,22119,api2.svr.internal
58fe380b1832b,/usr/read,400,?cb=7654005&entityId=13,77306,4/24/2017 15:43,6650,api5.svr.internal
58fe380b15870,/cart/process/,200,?cb=76352545&entityId=13,56954,4/24/2017 15:43,23502,api1.svr.internal
58fe380b15c9d,/cart/process/,200,?cb=7432448&entityId=28,45199,4/24/2017 15:43,15279,api2.svr.internal
58fe380b14887,/cart/process/,200,?cb=72195383&entityId=28,23635,4/24/2017 15:43,32348,api1.svr.internal
58fe380b13f12,/cart/process/,500,?cb=71982103&entityId=27,12303,4/24/2017 15:44,20766,api4.svr.internal
58fe380b18a1b,/usr/read,200,?cb=71624546&entityId=28,22028,4/24/2017 15:44,7480,api3.svr.internal
58fe380b146a4,/cart/process/,400,?cb=71507986&entityId=27,73512,4/24/2017 15:44,22590,api3.svr.internal
58fe380b17875,/usr/read,400,?cb=70088993&entityId=28,69252,4/24/2017 15:45,5816,api4.svr.internal
58fe380b13c68,/cart/process/,200,?cb=69691180&entityId=22,4870,4/24/2017 15:45,12747,api1.svr.internal
58fe380b17696,/usr/read,400,?cb=68852464&entityId=28,39815,4/24/2017 15:45,6368,api2.svr.internal
58fe380b1206c,/entity/find/,200,?cb=68246973&entityId=27,21704,4/24/2017 15:46,1453,api2.svr.internal
58fe380b18a7b,/usr/read,301,?cb=67166653&entityId=12,83127,4/24/2017 15:46,6162,api3.svr.internal
58fe380b1568d,/cart/process/,200,?cb=66815247&entityId=28,49197,4/24/2017 15:46,22483,api2.svr.internal
58fe380b1224c,/entity/find/,200,?cb=66418273&entityId=22,97956,4/24/2017 15:47,2379,api1.svr.internal
58fe380b14a6b,/cart/process/,200,?cb=65648599&entityId=14,41160,4/24/2017 15:47,22138,api4.svr.internal
58fe380b131a4,/cart/process/,200,?cb=65611669&entityId=13,15271,4/24/2017 15:47,27923,api2.svr.internal
58fe380b12aa2,/cart/process/,400,?cb=65535045&entityId=28,40412,4/24/2017 15:48,33051,api2.svr.internal
58fe380b139c4,/cart/process/,200,?cb=65504627&entityId=27,35726,4/24/2017 15:48,22125,api3.svr.internal
58fe380b1824e,/usr/read,200,?cb=64667736&entityId=27,35011,4/24/2017 15:48,7659,api2.svr.internal
58fe380b13fd5,/cart/process/,400,?cb=62805359&entityId=27,84045,4/24/2017 15:49,17169,api4.svr.internal
58fe380b137e1,/cart/process/,400,?cb=61834987&entityId=27,33275,4/24/2017 15:49,25246,api1.svr.internal
58fe380b15fa0,/cart/process/,500,?cb=59536156&entityId=22,32567,4/24/2017 15:49,32745,api1.svr.internal
58fe380b13d8a,/cart/process/,200,?cb=59153505&entityId=27,8700,4/24/2017 15:49,14106,api1.svr.internal
58fe380b14ed5,/cart/process/,200,?cb=56047931&entityId=14,30559,4/24/2017 15:50,16118,api4.svr.internal
58fe380b17e32,/usr/read,200,?cb=55430277&entityId=14,50555,4/24/2017 15:50,5998,api3.svr.internal
58fe380b19c5a,/entity/find/,500,?cb=55266247&entityId=27,4988,4/24/2017 15:50,1324,api1.svr.internal
58fe380b14643,/cart/process/,400,?cb=54709463&entityId=28,59019,4/24/2017 15:50,34419,api4.svr.internal
58fe380b14d4f,/cart/process/,400,?cb=54160985&entityId=12,79747,4/24/2017 15:50,39533,api1.svr.internal
58fe380b12fb0,/cart/process/,200,?cb=51968457&entityId=12,47312,4/24/2017 15:50,19196,api1.svr.internal
58fe380b18958,/usr/read,200,?cb=50853024&entityId=27,93275,4/24/2017 15:50,5668,api5.svr.internal
58fe380b17f50,/usr/read,500,?cb=487273&entityId=27,19528,4/24/2017 15:51,5733,api2.svr.internal
58fe380b15959,/cart/process/,400,?cb=4839256&entityId=14,29039,4/24/2017 15:52,34449,api5.svr.internal
58fe380b126de,/entity/find/,200,?cb=47281727&entityId=27,33306,4/24/2017 15:52,1191,api3.svr.internal
58fe380b12429,/entity/find/,200,?cb=47159759&entityId=12,24648,4/24/2017 15:53,1609,api1.svr.internal
58fe380b173cf,/cart/process/,400,?cb=46954541&entityId=28,59226,4/24/2017 15:55,35104,api1.svr.internal
58fe380b148e7,/cart/process/,400,?cb=46361473&entityId=28,29060,4/24/2017 15:55,39573,api2.svr.internal
58fe380b199b6,/entity/find/,500,?cb=43763860&entityId=27,42542,4/24/2017 15:56,2323,api5.svr.internal
58fe380b17195,/cart/process/,301,?cb=40679938&entityId=27,26171,4/24/2017 15:56,26671,api5.svr.internal
58fe380b156ee,/cart/process/,200,?cb=4010095&entityId=27,36440,4/24/2017 15:56,25909,api2.svr.internal
58fe380b18c61,/usr/read,200,?cb=39278134&entityId=27,2657,4/24/2017 15:56,7716,api1.svr.internal
58fe380b12983,/cart/process/,200,?cb=34165055&entityId=27,12732,4/24/2017 15:56,37710,api5.svr.internal
58fe380b19cba,/entity/find/,500,?cb=33436634&entityId=27,78351,4/24/2017 15:56,1116,api4.svr.internal
58fe380b14097,/cart/process/,500,?cb=32897681&entityId=12,89084,4/24/2017 15:56,15729,api5.svr.internal
58fe380b152c4,/cart/process/,400,?cb=31170493&entityId=27,2336,4/24/2017 15:57,14170,api2.svr.internal
58fe380b167d7,/cart/process/,301,?cb=304962&entityId=27,91414,4/24/2017 15:58,34518,api1.svr.internal
58fe380b13ae5,/cart/process/,301,?cb=28088060&entityId=27,81491,4/24/2017 15:59,12299,api2.svr.internal
58fe380b1439d,/cart/process/,200,?cb=25557948&entityId=24,85116,4/24/2017 15:59,16414,api1.svr.internal
58fe380b16e3d,/cart/process/,400,?cb=24979783&entityId=28,37639,4/24/2017 15:59,36466,api5.svr.internal
58fe380b18fdd,/usr/read,200,?cb=24089947&entityId=24,25579,4/24/2017 15:59,7397,api4.svr.internal
58fe380b18eb8,/usr/read,200,?cb=23192857&entityId=24,44598,4/24/2017 16:00,5638,api5.svr.internal
58fe380b12a43,/cart/process/,200,?cb=22781471&entityId=14,25630,4/24/2017 16:00,26624,api4.svr.internal
58fe380b1812e,/usr/read,400,?cb=20656633&entityId=27,8171,4/24/2017 16:00,6928,api5.svr.internal
58fe380b12923,/cart/process/,200,?cb=20126463&entityId=12,78164,4/24/2017 16:00,23923,api3.svr.internal
58fe380b1795a,/usr/read,200,?cb=19821756&entityId=27,28082,4/24/2017 16:00,6888,api4.svr.internal
58fe380b1684f,/cart/process/,200,?cb=19251208&entityId=28,47506,4/24/2017 16:01,23898,api3.svr.internal
58fe380b14158,/cart/process/,400,?cb=1843619&entityId=27,66090,4/24/2017 16:02,10621,api4.svr.internal
58fe380b121ed,/entity/find/,200,?cb=1828708&entityId=13,15215,4/24/2017 16:02,1183,api5.svr.internal
58fe380b13382,/cart/process/,500,?cb=17687772&entityId=28,95560,4/24/2017 16:02,17005,api3.svr.internal
58fe380b13842,/cart/process/,200,?cb=15092677&entityId=13,72588,4/24/2017 16:02,17285,api1.svr.internal
58fe380b168e9,/cart/process/,500,?cb=14121229&entityId=14,96504,4/24/2017 16:02,16479,api1.svr.internal
58fe380b19d7b,/entity/find/,500,?cb=1325531&entityId=27,50109,4/24/2017 16:02,1059,api3.svr.internal
58fe380b115ef,/entity/find/,200,?cb=12832785&entityId=12,61454,4/24/2017 16:03,2077,api4.svr.internal
58fe380b16379,/cart/process/,301,?cb=12374577&entityId=24,87304,4/24/2017 16:03,30369,api1.svr.internal
58fe380b15eda,/cart/process/,200,?cb=10704460&entityId=28,87742,4/24/2017 16:03,39033,api5.svr.internal
58fe380b129e3,/cart/process/,200,?cb=10285095&entityId=14,47215,4/24/2017 16:04,17063,api5.svr.internal
58fe380b138a2,/cart/process/,200,?cb=10173385&entityId=27,23605,4/24/2017 16:04,13085,api1.svr.internal
